point_id,dataset,T_evap_C,T_cond_C,freq_Hz,speed_rpm,P_suc_bar,P_dis_bar,m_dot_kg_s,W_el_kW,T_dis_C,data_source
1,Fitting,-15,35,30,1800.0,1.6394008425447306,8.869809836083611,0.18953722939676088,9.733835890629349,60.41593651151474,Representative manufacturer-style table; CoolProp R134a properties
2,Fitting,-15,35,45,2700.0,1.6394008425447306,8.869809836083611,0.2876054008647687,14.65599909257673,61.463796563778374,Representative manufacturer-style table; CoolProp R134a properties
3,Fitting,-15,35,60,3600.0,1.6394008425447306,8.869809836083611,0.39208522917949035,19.3982101043015,58.851494823202884,Representative manufacturer-style table; CoolProp R134a properties
4,Fitting,-15,45,30,1800.0,1.6394008425447306,11.59924238342344,0.16172962928918702,10.60715441231508,79.91363528983979,Representative manufacturer-style table; CoolProp R134a properties
5,Fitting,-15,45,45,2700.0,1.6394008425447306,11.59924238342344,0.2523653401685076,16.096706771136294,78.73774194888603,Representative manufacturer-style table; CoolProp R134a properties
6,Fitting,-15,45,60,3600.0,1.6394008425447306,11.59924238342344,0.33363319664593966,21.71649111516626,78.38611892071008,Representative manufacturer-style table; CoolProp R134a properties
7,Fitting,-15,55,30,1800.0,1.6394008425447306,14.9151408669978,0.12854900893163188,11.44450314942813,104.32575926120946,Representative manufacturer-style table; CoolProp R134a properties
8,Fitting,-15,55,45,2700.0,1.6394008425447306,14.9151408669978,0.19784109297399047,17.459817741012728,104.3311550887842,Representative manufacturer-style table; CoolProp R134a properties
9,Fitting,-15,55,60,3600.0,1.6394008425447306,14.9151408669978,0.2645890710319106,23.5368012161901,104.31284142950715,Representative manufacturer-style table; CoolProp R134a properties
10,Fitting,-10,35,30,1800.0,2.0060330747267745,8.869809836083611,0.24541682530733772,10.580739438110214,58.05971441397881,Representative manufacturer-style table; CoolProp R134a properties
11,Fitting,-10,35,45,2700.0,2.0060330747267745,8.869809836083611,0.37004274524424097,16.083809052583096,56.040650202445114,Representative manufacturer-style table; CoolProp R134a properties
12,Fitting,-10,35,60,3600.0,2.0060330747267745,8.869809836083611,0.4977825976655169,21.444587595338493,56.91561335559227,Representative manufacturer-style table; CoolProp R134a properties
13,Fitting,-10,45,30,1800.0,2.0060330747267745,11.59924238342344,0.22241288302931952,11.803700683107492,70.34534132353868,Representative manufacturer-style table; CoolProp R134a properties
14,Fitting,-10,45,45,2700.0,2.0060330747267745,11.59924238342344,0.33638965223556955,18.17509432901124,71.10428483753613,Representative manufacturer-style table; CoolProp R134a properties
15,Fitting,-10,45,60,3600.0,2.0060330747267745,11.59924238342344,0.4436994406105488,24.016164366203405,69.97151164861516,Representative manufacturer-style table; CoolProp R134a properties
16,Fitting,-10,55,30,1800.0,2.0060330747267745,14.9151408669978,0.18917466375401137,13.31400400235852,89.63111212348515,Representative manufacturer-style table; CoolProp R134a properties
17,Fitting,-10,55,45,2700.0,2.0060330747267745,14.9151408669978,0.2877992923838568,20.138878333113066,89.89820218569169,Representative manufacturer-style table; CoolProp R134a properties
18,Fitting,-10,55,60,3600.0,2.0060330747267745,14.9151408669978,0.384868742272394,26.818561762085288,87.31900597777216,Representative manufacturer-style table; CoolProp R134a properties
19,Fitting,-5,35,30,1800.0,2.4334236987140008,8.869809836083611,0.30908271936594967,11.470342228775577,54.747535463453566,Representative manufacturer-style table; CoolProp R134a properties
20,Fitting,-5,35,45,2700.0,2.4334236987140008,8.869809836083611,0.4703496856880818,17.338478274527077,53.12036274602275,Representative manufacturer-style table; CoolProp R134a properties
21,Fitting,-5,35,60,3600.0,2.4334236987140008,8.869809836083611,0.6360697307082984,23.232238341601526,53.53510771803123,Representative manufacturer-style table; CoolProp R134a properties
22,Fitting,-5,45,30,1800.0,2.4334236987140008,11.59924238342344,0.2913025275762741,13.215912187641901,67.47935342564192,Representative manufacturer-style table; CoolProp R134a properties
23,Fitting,-5,45,45,2700.0,2.4334236987140008,11.59924238342344,0.43692342673331563,20.29524339145062,65.79949518056799,Representative manufacturer-style table; CoolProp R134a properties
24,Fitting,-5,45,60,3600.0,2.4334236987140008,11.59924238342344,0.5866817281859023,27.164573783879483,65.77024264425918,Representative manufacturer-style table; CoolProp R134a properties
25,Fitting,-5,55,30,1800.0,2.4334236987140008,14.9151408669978,0.259114646341765,14.801877830916153,82.21007852300666,Representative manufacturer-style table; CoolProp R134a properties
26,Fitting,-5,55,45,2700.0,2.4334236987140008,14.9151408669978,0.39586001064687687,22.84521217395856,81.26147636397627,Representative manufacturer-style table; CoolProp R134a properties
27,Fitting,-5,55,60,3600.0,2.4334236987140008,14.9151408669978,0.5288715342884922,30.069059909493514,83.13377906283232,Representative manufacturer-style table; CoolProp R134a properties
28,Fitting,0,35,30,1800.0,2.9280318233949063,8.869809836083611,0.3864421117677574,11.987026915323636,49.94125718314405,Representative manufacturer-style table; CoolProp R134a properties
29,Fitting,0,35,45,2700.0,2.9280318233949063,8.869809836083611,0.5876202585897674,17.841442508227487,49.36493099487343,Representative manufacturer-style table; CoolProp R134a properties
30,Fitting,0,35,60,3600.0,2.9280318233949063,8.869809836083611,0.7738245180575077,24.385677928841087,50.88558514528549,Representative manufacturer-style table; CoolProp R134a properties
31,Fitting,0,45,30,1800.0,2.9280318233949063,11.59924238342344,0.3649431069347977,14.523286065370536,64.258920456335,Representative manufacturer-style table; CoolProp R134a properties
32,Fitting,0,45,45,2700.0,2.9280318233949063,11.59924238342344,0.5590892246069371,21.805270540453993,62.99632183225275,Representative manufacturer-style table; CoolProp R134a properties
33,Fitting,0,45,60,3600.0,2.9280318233949063,11.59924238342344,0.7466667612266022,29.492546302115844,62.65679324418179,Representative manufacturer-style table; CoolProp R134a properties
34,Fitting,0,55,30,1800.0,2.9280318233949063,14.9151408669978,0.33913811735741006,16.438604020880874,75.46994120634062,Representative manufacturer-style table; CoolProp R134a properties
35,Fitting,0,55,45,2700.0,2.9280318233949063,14.9151408669978,0.5117177263035706,24.79729310369041,76.92140142429412,Representative manufacturer-style table; CoolProp R134a properties
36,Fitting,0,55,60,3600.0,2.9280318233949063,14.9151408669978,0.6852166581386762,33.29928596454479,77.44056185558077,Representative manufacturer-style table; CoolProp R134a properties
37,Fitting,5,35,30,1800.0,3.496586078613138,8.869809836083611,0.47120452091658044,12.3053013769997,48.35762626737366,Representative manufacturer-style table; CoolProp R134a properties
38,Fitting,5,35,45,2700.0,3.496586078613138,8.869809836083611,0.7183701568847761,18.451229353249524,48.615922984148455,Representative manufacturer-style table; CoolProp R134a properties
39,Fitting,5,35,60,3600.0,3.496586078613138,8.869809836083611,0.9685164438521284,24.50735886765213,48.853418405841595,Representative manufacturer-style table; CoolProp R134a properties
40,Fitting,5,45,30,1800.0,3.496586078613138,11.59924238342344,0.45044869632336393,15.39766004146757,62.7349857230718,Representative manufacturer-style table; CoolProp R134a properties
41,Fitting,5,45,45,2700.0,3.496586078613138,11.59924238342344,0.6865828099664486,23.141737894084656,61.50613216718101,Representative manufacturer-style table; CoolProp R134a properties
42,Fitting,5,45,60,3600.0,3.496586078613138,11.59924238342344,0.9271805806263155,31.260809027928293,60.44325505457376,Representative manufacturer-style table; CoolProp R134a properties
43,Fitting,5,55,30,1800.0,3.496586078613138,14.9151408669978,0.42641327400187257,17.70910681002354,75.21365561367202,Representative manufacturer-style table; CoolProp R134a properties
44,Fitting,5,55,45,2700.0,3.496586078613138,14.9151408669978,0.6482703606768413,26.906122620235415,73.73050858338827,Representative manufacturer-style table; CoolProp R134a properties
45,Fitting,5,55,60,3600.0,3.496586078613138,14.9151408669978,0.8669600419600908,35.4487185256742,71.90466504973216,Representative manufacturer-style table; CoolProp R134a properties
46,Fitting,10,35,30,1800.0,4.146074673626597,8.869809836083611,0.57175949547951,11.892715964219514,47.89385621910056,Representative manufacturer-style table; CoolProp R134a properties
47,Fitting,10,35,45,2700.0,4.146074673626597,8.869809836083611,0.8646410220575278,17.84902430359817,46.891497957095616,Representative manufacturer-style table; CoolProp R134a properties
48,Fitting,10,35,60,3600.0,4.146074673626597,8.869809836083611,1.1722185854454938,23.82624297899459,46.645785209561616,Representative manufacturer-style table; CoolProp R134a properties
49,Fitting,10,45,30,1800.0,4.146074673626597,11.59924238342344,0.5480035027131963,15.881854137937719,60.22949459587036,Representative manufacturer-style table; CoolProp R134a properties
50,Fitting,10,45,45,2700.0,4.146074673626597,11.59924238342344,0.8331772447959113,23.94291320261142,58.7589975793386,Representative manufacturer-style table; CoolProp R134a properties
51,Fitting,10,45,60,3600.0,4.146074673626597,11.59924238342344,1.1165933796470695,31.947005301758967,58.129743764644886,Representative manufacturer-style table; CoolProp R134a properties
52,Fitting,10,55,30,1800.0,4.146074673626597,14.9151408669978,0.522102734969586,18.81845632026631,72.68272673337272,Representative manufacturer-style table; CoolProp R134a properties
53,Fitting,10,55,45,2700.0,4.146074673626597,14.9151408669978,0.7975619366764513,28.60458884867539,70.56686163386769,Representative manufacturer-style table; CoolProp R134a properties
54,Fitting,10,55,60,3600.0,4.146074673626597,14.9151408669978,1.0761276164123885,38.32691476258325,70.94373960694098,Representative manufacturer-style table; CoolProp R134a properties
55,Validation,-15,35,75,4500.0,1.6394008425447306,8.869809836083611,0.4846914903550769,24.716637325806595,61.32650826613112,Representative manufacturer-style table; CoolProp R134a properties
56,Validation,-15,45,75,4500.0,1.6394008425447306,11.59924238342344,0.4161298160209797,27.24874714457575,78.20791821925731,Representative manufacturer-style table; CoolProp R134a properties
57,Validation,-15,55,75,4500.0,1.6394008425447306,14.9151408669978,0.32766183610556054,29.314112729923515,104.21748292577345,Representative manufacturer-style table; CoolProp R134a properties
58,Validation,-10,35,75,4500.0,2.0060330747267745,8.869809836083611,0.6248397826105544,27.320125344439436,56.29456927548653,Representative manufacturer-style table; CoolProp R134a properties
59,Validation,-10,45,75,4500.0,2.0060330747267745,11.59924238342344,0.5627798060261804,30.50811225045804,70.6982283350614,Representative manufacturer-style table; CoolProp R134a properties
60,Validation,-10,55,75,4500.0,2.0060330747267745,14.9151408669978,0.48870989907372786,33.636504841216606,90.88775098128114,Representative manufacturer-style table; CoolProp R134a properties
61,Validation,-5,35,75,4500.0,2.4334236987140008,8.869809836083611,0.7979464908772803,28.852279591467372,52.964479103521306,Representative manufacturer-style table; CoolProp R134a properties
62,Validation,-5,45,75,4500.0,2.4334236987140008,11.59924238342344,0.7390587915361185,33.44630145469847,67.82101168426297,Representative manufacturer-style table; CoolProp R134a properties
63,Validation,-5,55,75,4500.0,2.4334236987140008,14.9151408669978,0.6556432743913901,37.606663468696304,81.57350678311924,Representative manufacturer-style table; CoolProp R134a properties
64,Validation,0,35,75,4500.0,2.9280318233949063,8.869809836083611,0.9879506175178411,30.520683302398012,49.63788662731992,Representative manufacturer-style table; CoolProp R134a properties
65,Validation,0,45,75,4500.0,2.9280318233949063,11.59924238342344,0.9208988544003337,35.918852279832585,65.99559493820261,Representative manufacturer-style table; CoolProp R134a properties
66,Validation,0,55,75,4500.0,2.9280318233949063,14.9151408669978,0.861051460615683,41.51763144956686,75.35948390324144,Representative manufacturer-style table; CoolProp R134a properties
67,Validation,5,35,75,4500.0,3.496586078613138,8.869809836083611,1.2065164516702271,31.15575588225512,48.801165258661484,Representative manufacturer-style table; CoolProp R134a properties
68,Validation,5,45,75,4500.0,3.496586078613138,11.59924238342344,1.1356029006649857,39.13745749209563,60.83812358033233,Representative manufacturer-style table; CoolProp R134a properties
69,Validation,5,55,75,4500.0,3.496586078613138,14.9151408669978,1.0836482858946126,44.83326706809028,73.04731773493438,Representative manufacturer-style table; CoolProp R134a properties
70,Validation,10,35,75,4500.0,4.146074673626597,8.869809836083611,1.4541561858483505,30.046563960109605,46.809729541809325,Representative manufacturer-style table; CoolProp R134a properties
71,Validation,10,45,75,4500.0,4.146074673626597,11.59924238342344,1.386800101160237,39.832128870820775,59.054129186152494,Representative manufacturer-style table; CoolProp R134a properties
72,Validation,10,55,75,4500.0,4.146074673626597,14.9151408669978,1.3045219033040263,48.1263372825585,73.18752246574803,Representative manufacturer-style table; CoolProp R134a properties
73,Validation,-12,40,38,2280.0,1.8524415582145843,10.1659302212064,0.2701226078343399,13.899672847459055,64.93419711139029,Representative manufacturer-style table; CoolProp R134a properties
74,Validation,-12,50,68,4080.0,1.8524415582145843,13.179054900117077,0.42067918613201205,27.971541230083417,83.56136971785136,Representative manufacturer-style table; CoolProp R134a properties
75,Validation,-7,40,68,4080.0,2.2547692198149427,10.1659302212064,0.6300580886218357,28.013556694621958,61.73106727049232,Representative manufacturer-style table; CoolProp R134a properties
76,Validation,-7,50,38,2280.0,2.2547692198149427,13.179054900117077,0.31288552366307887,17.15898409697156,77.31302083078123,Representative manufacturer-style table; CoolProp R134a properties
77,Validation,-2,40,38,2280.0,2.721697749473681,10.1659302212064,0.43905162579838003,16.645593106457405,55.892979730089856,Representative manufacturer-style table; CoolProp R134a properties
78,Validation,-2,50,68,4080.0,2.721697749473681,13.179054900117077,0.7409322158217491,34.751626590604104,73.07753353160912,Representative manufacturer-style table; CoolProp R134a properties
79,Validation,3,40,68,4080.0,3.259849314684606,10.1659302212064,0.9819389895670059,31.54737462984784,54.854343387172115,Representative manufacturer-style table; CoolProp R134a properties
80,Validation,3,50,38,2280.0,3.259849314684606,13.179054900117077,0.5150756153475885,20.804469250013252,68.35413943325187,Representative manufacturer-style table; CoolProp R134a properties
81,Validation,8,40,38,2280.0,3.8761092990801935,10.1659302212064,0.6643121475971484,17.606846358804447,52.81994388374603,Representative manufacturer-style table; CoolProp R134a properties
82,Validation,8,50,68,4080.0,3.8761092990801935,13.179054900117077,1.1345531770793473,39.21613722580585,67.1789602849538,Representative manufacturer-style table; CoolProp R134a properties
83,Validation,-12,40,68,4080.0,1.8524415582145843,10.1659302212064,0.49023113258135165,25.219042454106,65.36438917144254,Representative manufacturer-style table; CoolProp R134a properties
84,Validation,8,50,38,2280.0,3.8761092990801935,13.179054900117077,0.6412458255017353,21.879255500320234,67.81812312506848,Representative manufacturer-style table; CoolProp R134a properties
