point_id,dataset,T_evap_C,T_cond_C,freq_Hz,speed_rpm,P_suc_bar,P_dis_bar,m_dot_kg_s,W_el_kW,T_dis_C,data_source,P_suc_Pa,P_dis_Pa,beta,rho_suc,v_suc,h1,s1,h2is,eta_v_calc,eta_is_calc,T_dis_from_power_C,fn,eta_v_pred,eta_is_pred,m_dot_pred_kg_s,W_pred_kW,T_dis_pred_C,m_dot_error_pct,W_error_pct,T_dis_error_C
1,Fitting,-15,35,30,1800.0,1.6394008425447306,8.869809836083611,0.1895372293967608,9.733835890629347,60.41593651151474,Representative manufacturer-style table; CoolProp R134a properties,163940.08425447307,886980.9836083611,5.410397265817924,8.089486540753938,0.12361724010072958,393795.1418961818,1753.083194025644,429840.2191065969,0.6805479277969056,0.7018696580277646,61.61053256252501,0.6,0.6778044260422498,0.705210514322007,0.1887731454870412,9.64866868281885,61.37328196585054,-0.4031313067894102,-0.8749603832183714,0.9573454543358011
2,Fitting,-15,35,45,2700.0,1.6394008425447306,8.869809836083611,0.2876054008647687,14.65599909257673,61.46379656377837,Representative manufacturer-style table; CoolProp R134a properties,163940.08425447307,886980.9836083611,5.410397265817924,8.089486540753938,0.12361724010072958,393795.1418961818,1753.083194025644,429840.2191065969,0.6884461351987445,0.707338941195332,61.22332149464518,0.9,0.6875371015791585,0.7082235186467605,0.2872256427904713,14.618365810522356,61.161267639928155,-0.13204135706615977,-0.2567773224920257,-0.30252892385021113
3,Fitting,-15,35,60,3600.0,1.6394008425447306,8.869809836083611,0.3920852291794903,19.3982101043015,58.85149482320288,Representative manufacturer-style table; CoolProp R134a properties,163940.08425447307,886980.9836083611,5.410397265817924,8.089486540753938,0.12361724010072958,393795.1418961818,1753.083194025644,429840.2191065969,0.7039060112019269,0.728559092970342,59.77703449164187,1.2,0.6912399479407418,0.709498091395525,0.38503005954386826,19.56092397273641,61.07213235809991,-1.7993969449923564,0.8388086713156514,2.2206375348970298
4,Fitting,-15,45,30,1800.0,1.6394008425447306,11.59924238342344,0.161729629289187,10.60715441231508,79.91363528983979,Representative manufacturer-style table; CoolProp R134a properties,163940.08425447307,1159924.238342344,7.075293657540595,8.089486540753938,0.12361724010072958,393795.1418961818,1753.083194025644,435737.7071681734,0.5807026114416706,0.6395075690612312,79.30468471419817,0.6,0.5852094927464163,0.6405102709374395,0.16298482640438045,10.672743326668119,79.20828672399637,0.7761083239417109,0.6183459936897844,-0.7053485658434226
5,Fitting,-15,45,45,2700.0,1.6394008425447306,11.59924238342344,0.2523653401685076,16.096706771136294,78.73774194888603,Representative manufacturer-style table; CoolProp R134a properties,163940.08425447307,1159924.238342344,7.075293657540595,8.089486540753938,0.12361724010072958,393795.1418961818,1753.083194025644,435737.7071681734,0.60409137858582,0.6575785906335915,77.6134556958317,0.9,0.5939739218922194,0.6420198679151621,0.24813866935241694,16.210670192521466,79.06373688184436,-1.6748222292603463,0.7079921564423656,0.3259949329583378
6,Fitting,-15,45,60,3600.0,1.6394008425447306,11.59924238342344,0.3336331966459396,21.71649111516626,78.38611892071008,Representative manufacturer-style table; CoolProp R134a properties,163940.08425447307,1159924.238342344,7.075293657540595,8.089486540753938,0.12361724010072958,393795.1418961818,1753.083194025644,435737.7071681734,0.5989677630729683,0.644368929262834,78.84018132887604,1.2,0.5967085218626971,0.6417910333168956,0.3323747685410447,21.721478955927427,79.08560401717216,-0.3771891159351213,0.02296798656245079,0.6994850964620838
7,Fitting,-15,55,30,1800.0,1.6394008425447306,14.9151408669978,0.1285490089316318,11.44450314942813,104.32575926120946,Representative manufacturer-style table; CoolProp R134a properties,163940.08425447307,1491514.08669978,9.097921923625487,8.089486540753938,0.12361724010072958,393795.1418961818,1753.083194025644,441233.2472715347,0.461565054671328,0.5328428287339539,105.01433395159927,0.6,0.4637703987992477,0.5342757058710311,0.12916321227984484,11.46834491521764,104.79736149846389,0.47779703112274524,0.20832504022424306,0.4716022372544302
8,Fitting,-15,55,45,2700.0,1.6394008425447306,14.9151408669978,0.1978410929739904,17.459817741012728,104.3311550887842,Representative manufacturer-style table; CoolProp R134a properties,163940.08425447307,1491514.08669978,9.097921923625487,8.089486540753938,0.12361724010072958,393795.1418961818,1753.083194025644,441233.2472715347,0.47357572365437406,0.5375317632342463,104.3086739924845,0.9,0.4713585370185274,0.5339588623503164,0.1969148406230921,17.494356996589193,104.84523770827377,-0.46817996047973237,0.19782139818867336,0.5140826194895709
9,Fitting,-15,55,60,3600.0,1.6394008425447306,14.9151408669978,0.2645890710319106,23.5368012161901,104.31284142950716,Representative manufacturer-style table; CoolProp R134a properties,163940.08425447307,1491514.08669978,9.097921923625487,8.089486540753938,0.12361724010072958,393795.1418961818,1753.083194025644,441233.2472715347,0.47501365452467775,0.5332757037581097,104.94866160589049,1.2,0.47291684606248174,0.5319035872536125,0.26342112017858316,23.493353225247038,105.15720054482404,-0.4414206712213663,-0.18459598882610745,0.8443591153168768
10,Fitting,-10,35,30,1800.0,2.0060330747267745,8.869809836083611,0.2454168253073377,10.580739438110214,58.05971441397881,Representative manufacturer-style table; CoolProp R134a properties,200603.30747267744,886980.9836083611,4.421567095692924,9.798481054405574,0.10205663453830754,396926.8325699744,1749.394728650478,428662.1286380874,0.7274961868737317,0.7360899166623635,56.63668738097249,0.6,0.7296509189491487,0.7339161059066873,0.24614371228609858,10.643510234801875,56.760667846311435,0.29618465557550944,0.5932552924001679,-1.299046567667375
11,Fitting,-10,35,45,2700.0,2.0060330747267745,8.869809836083611,0.3700427452442409,16.083809052583096,56.04065020244512,Representative manufacturer-style table; CoolProp R134a properties,200603.30747267744,886980.9836083611,4.421567095692924,9.798481054405574,0.10205663453830754,396926.8325699744,1749.394728650478,428662.1286380874,0.7312856017059834,0.730138988829719,56.977888734571536,0.9,0.7399586640509864,0.7378220273823954,0.3744314598481279,16.105094175153422,56.53843426180333,1.186002066055993,0.13233881663689406,0.49778405935821013
12,Fitting,-10,35,60,3600.0,2.0060330747267745,8.869809836083611,0.4977825976655169,21.444587595338493,56.91561335559227,Representative manufacturer-style table; CoolProp R134a properties,200603.30747267744,886980.9836083611,4.421567095692924,9.798481054405574,0.10205663453830754,396926.8325699744,1749.394728650478,428662.1286380874,0.7377956691442399,0.7366557199684028,56.60454042490494,1.2,0.7442365799774988,0.7399895172821146,0.5021282091403448,21.534342053584872,56.416148106445405,0.8729938521771995,0.4185413118687769,-0.49946524914686563
13,Fitting,-10,45,30,1800.0,2.0060330747267745,11.59924238342344,0.2224128830293195,11.803700683107492,70.34534132353868,Representative manufacturer-style table; CoolProp R134a properties,200603.30747267744,1159924.238342344,5.782179032618034,9.798481054405574,0.10205663453830754,396926.8325699744,1749.394728650478,434520.3757731444,0.6593049360523427,0.7083616021431587,70.53019651506293,0.6,0.657704199802581,0.692543660696898,0.22187288348614784,12.043988421690225,71.65889767868669,-0.24279148573442777,2.0356983376121494,1.313556355148009
14,Fitting,-10,45,45,2700.0,2.0060330747267745,11.59924238342344,0.3363896522355695,18.17509432901124,71.10428483753613,Representative manufacturer-style table; CoolProp R134a properties,200603.30747267744,1159924.238342344,5.782179032618034,9.798481054405574,0.10205663453830754,396926.8325699744,1749.394728650478,434520.3757731444,0.664779711004437,0.695791652879151,71.42280388378765,0.9,0.6672206598706036,0.6952209447675394,0.3376248131868175,18.256804684221375,71.46412304763237,0.3671816130607413,0.4495732111811249,0.3598382100962425
15,Fitting,-10,45,60,3600.0,2.0060330747267745,11.59924238342344,0.4436994406105488,24.016164366203405,69.97151164861516,Representative manufacturer-style table; CoolProp R134a properties,200603.30747267744,1159924.238342344,5.782179032618034,9.798481054405574,0.10205663453830754,396926.8325699744,1749.394728650478,434520.3757731444,0.6576355365161897,0.6945419691284335,71.51337219629931,1.2,0.6707072907633009,0.6961597972621917,0.4525188089767518,24.43660990252138,71.39618745690655,1.987689764509775,1.7506772934550836,1.4246758082913829
16,Fitting,-10,55,30,1800.0,2.0060330747267745,14.9151408669978,0.1891746637540113,13.31400400235852,89.63111212348515,Representative manufacturer-style table; CoolProp R134a properties,200603.30747267744,1491514.08669978,7.435142049703877,9.798481054405574,0.10205663453830754,396926.8325699744,1749.394728650478,439976.74618159374,0.5607759221961086,0.6116832269747443,90.96813407679622,0.6,0.564321993051996,0.6238267157823615,0.1903709111948488,13.137384266759579,89.73610888526252,0.6323507689132347,-1.3265711469491301,0.10499676177737172
17,Fitting,-10,55,45,2700.0,2.0060330747267745,14.9151408669978,0.2877992923838568,20.138878333113063,89.89820218569169,Representative manufacturer-style table; CoolProp R134a properties,200603.30747267744,1491514.08669978,7.435142049703877,9.798481054405574,0.10205663453830754,396926.8325699744,1749.394728650478,439976.74618159374,0.5687545058141105,0.6152147338930275,90.60463906950088,0.9,0.5728771467685355,0.6250113683855961,0.2898854176581312,19.96690431357334,89.61857900919455,0.7248542055106838,-0.8539404066856874,-0.2796231764971395
18,Fitting,-10,55,60,3600.0,2.0060330747267745,14.9151408669978,0.384868742272394,26.818561762085288,87.31900597777216,Representative manufacturer-style table; CoolProp R134a properties,200603.30747267744,1491514.08669978,7.435142049703877,9.798481054405574,0.10205663453830754,396926.8325699744,1749.394728650478,439976.74618159374,0.5704387669822983,0.6178021869190218,90.34104976518654,1.2,0.5754024713097496,0.6244575894128417,0.38821769881618634,26.763608417751712,89.67346198641985,0.870155503930768,-0.20490787246938183,2.354456008647688
19,Fitting,-5,35,30,1800.0,2.4334236987140008,8.869809836083611,0.3090827193659496,11.470342228775577,54.747535463453566,Representative manufacturer-style table; CoolProp R134a properties,243342.36987140006,886980.9836083611,3.64499196780695,11.780219725274732,0.08488806009742561,400020.52700719563,1746.1483421951,427628.65120237,0.7620903780067441,0.7439354408650679,53.81785284215448,0.6,0.7687235641967283,0.7513807720567706,0.31177295570120334,11.455532004277963,53.462269916566015,0.8703936411496769,-0.1291175468196557,-1.2852655468875511
20,Fitting,-5,35,45,2700.0,2.4334236987140008,8.869809836083611,0.4703496856880818,17.338478274527077,53.12036274602275,Representative manufacturer-style table; CoolProp R134a properties,243342.36987140006,886980.9836083611,3.64499196780695,11.780219725274732,0.08488806009742561,400020.52700719563,1746.1483421951,427628.65120237,0.7731457142965988,0.7489395742829099,53.578059655237496,0.9,0.7794829386424316,0.7559879436274334,0.4742049893185353,17.317617760223733,53.245837034891224,0.8196675256226686,-0.12031340912997615,0.12547428886847456
21,Fitting,-5,35,60,3600.0,2.4334236987140008,8.869809836083611,0.6360697307082984,23.232238341601526,53.53510771803123,Representative manufacturer-style table; CoolProp R134a properties,243342.36987140006,886980.9836083611,3.64499196780695,11.780219725274732,0.08488806009742561,400020.52700719563,1746.1483421951,427628.65120237,0.7841632533008204,0.7558760315720515,53.25106225457603,1.2,0.7842124839128096,0.7588566836221072,0.6361096638497441,23.1424391197162,53.11243488353284,0.006278107496360936,-0.3865284978784143,-0.42267283449838544
22,Fitting,-5,45,30,1800.0,2.4334236987140008,11.59924238342344,0.2913025275762741,13.2159121876419,67.47935342564192,Representative manufacturer-style table; CoolProp R134a properties,243342.36987140006,1159924.238342344,4.766634922456508,11.780219725274732,0.08488806009742561,400020.52700719563,1746.1483421951,433452.2800534072,0.7182506152732505,0.7368961011086214,66.25646221107297,0.6,0.7118247911629436,0.7247218330379291,0.2886963915489756,13.317697946451434,66.96094543143238,-0.8946493011860831,0.7701758105256857,-0.5184079942095394
23,Fitting,-5,45,45,2700.0,2.4334236987140008,11.59924238342344,0.4369234267333156,20.29524339145062,65.79949518056799,Representative manufacturer-style table; CoolProp R134a properties,243342.36987140006,1159924.238342344,4.766634922456508,11.780219725274732,0.08488806009742561,400020.52700719563,1746.1483421951,433452.2800534072,0.7182007028674128,0.7197310138594332,67.25691225275278,0.9,0.7219318567032112,0.7283161570421313,0.4391933054915757,20.160203761474886,66.75040531271748,0.5195140885969448,-0.6653757600789273,0.9509101321494882
24,Fitting,-5,45,60,3600.0,2.4334236987140008,11.59924238342344,0.5866817281859023,27.164573783879483,65.77024264425918,Representative manufacturer-style table; CoolProp R134a properties,243342.36987140006,1159924.238342344,4.766634922456508,11.780219725274732,0.08488806009742561,400020.52700719563,1746.1483421951,433452.2800534072,0.7232764434712357,0.7220359431913963,67.11969627963663,1.2,0.7260090930681535,0.7301720494703443,0.5888983019489741,26.963374747599186,66.64253881245827,0.37781537358011263,-0.7406670094698715,0.8722961681990853
25,Fitting,-5,55,30,1800.0,2.4334236987140008,14.9151408669978,0.259114646341765,14.801877830916151,82.21007852300666,Representative manufacturer-style table; CoolProp R134a properties,243342.36987140006,1491514.08669978,6.129282325507084,11.780219725274732,0.08488806009742561,400020.52700719563,1746.1483421951,438874.0722237077,0.6388865064432129,0.680151717430921,81.88287148923519,0.6,0.6386388275620386,0.6797931657666585,0.259014194657382,14.803943656140582,81.90960263599732,-0.03876727379219743,0.013956507735229242,-0.30047588700934114
26,Fitting,-5,55,45,2700.0,2.4334236987140008,14.9151408669978,0.3958600106468768,22.84521217395856,81.26147636397627,Representative manufacturer-style table; CoolProp R134a properties,243342.36987140006,1491514.08669978,6.129282325507084,11.780219725274732,0.08488806009742561,400020.52700719563,1746.1483421951,438874.0722237077,0.6507019777111208,0.6732511261422994,82.40259304952713,0.9,0.6479534243115078,0.6821570143326628,0.39418790511269425,22.45171899328939,81.73391552907088,-0.4223981936064141,-1.7224317186150606,0.47243916509461314
27,Fitting,-5,55,60,3600.0,2.4334236987140008,14.9151408669978,0.5288715342884922,30.069059909493514,83.13377906283232,Representative manufacturer-style table; CoolProp R134a properties,243342.36987140006,1491514.08669978,6.129282325507084,11.780219725274732,0.08488806009742561,400020.52700719563,1746.1483421951,438874.0722237077,0.652006537780135,0.6833780016087692,81.64366975506391,1.2,0.6512381918856518,0.6827824313226781,0.5282482947218107,30.05982295818565,81.68764717459561,-0.11784328069764556,-0.030719122365875873,-1.4461318882367067
28,Fitting,0,35,30,1800.0,2.9280318233949063,8.869809836083611,0.3864421117677574,11.987026915323636,49.94125718314405,Representative manufacturer-style table; CoolProp R134a properties,292803.1823394906,886980.9836083611,3.0292737139036663,14.066044937450924,0.07109318962414903,403070.49114033784,1743.2918587839777,426721.92574332596,0.7979902607440046,0.762483508119242,50.88246190755439,0.6,0.7986743254458303,0.7620518787254684,0.38677338323930743,12.004097929868692,50.899372420905024,0.08572343993118677,0.14241241523562084,0.9581152377609712
29,Fitting,0,35,45,2700.0,2.9280318233949063,8.869809836083611,0.5876202585897674,17.841442508227487,49.36493099487343,Representative manufacturer-style table; CoolProp R134a properties,292803.1823394906,886980.9836083611,3.0292737139036663,14.066044937450924,0.07109318962414903,403070.49114033784,1743.2918587839777,426721.92574332596,0.808944348267294,0.7789763698208729,50.250730844104964,0.9,0.8097917804184924,0.7672150460633282,0.5882358365351367,18.13392671367971,50.698370747386036,0.10475778130022091,1.6393529016353063,1.3334397525126036
30,Fitting,0,35,60,3600.0,2.9280318233949063,8.869809836083611,0.7738245180575077,24.385677928841087,50.88558514528549,Representative manufacturer-style table; CoolProp R134a properties,292803.1823394906,886980.9836083611,3.0292737139036663,14.066044937450924,0.07109318962414903,403070.49114033784,1743.2918587839777,426721.92574332596,0.7989610993870149,0.7505249612675312,51.358376324917344,1.2,0.8148794062158291,0.7706397818251991,0.7892420097470898,24.222349039980266,50.56657368464255,1.992375704027033,-0.6697738292838324,-0.3190114606429404
31,Fitting,0,45,30,1800.0,2.9280318233949063,11.59924238342344,0.3649431069347977,14.523286065370536,64.258920456335,Representative manufacturer-style table; CoolProp R134a properties,292803.1823394906,1159924.238342344,3.961446829486539,14.066044937450924,0.07109318962414903,403070.49114033784,1743.2918587839777,432515.0301087057,0.7535955223085091,0.739886378675743,63.93203009996682,0.6,0.7529761326519,0.7448033579099614,0.3646431555961887,14.415549407067196,63.69060089245846,-0.08219126020171284,-0.7418201212756403,-0.5683195638765426
32,Fitting,0,45,45,2700.0,2.9280318233949063,11.59924238342344,0.5590892246069371,21.805270540453996,62.99632183225275,Representative manufacturer-style table; CoolProp R134a properties,292803.1823394906,1159924.238342344,3.961446829486539,14.066044937450924,0.07109318962414903,403070.49114033784,1743.2918587839777,432515.0301087057,0.7696672499146563,0.7549607985918975,63.20223582270688,0.9,0.7635514678509016,0.749124769618078,0.5546466972001015,21.80052903298207,63.48114154023733,-0.7946007920218594,-0.02174477708556827,0.4848197079845846
33,Fitting,0,45,60,3600.0,2.9280318233949063,11.59924238342344,0.7466667612266022,29.492546302115844,62.65679324418179,Representative manufacturer-style table; CoolProp R134a properties,292803.1823394906,1159924.238342344,3.961446829486539,14.066044937450924,0.07109318962414903,403070.49114033784,1743.2918587839777,432515.0301087057,0.7709211617161682,0.7454513531015274,63.659031127598666,1.2,0.7680969738745779,0.7517077497502053,0.7439314268065669,29.139938884065597,63.357142944960515,-0.36633938486050277,-1.1955814680706325,0.7003497007787232
34,Fitting,0,55,30,1800.0,2.9280318233949063,14.9151408669978,0.33913811735741,16.438604020880874,75.46994120634062,Representative manufacturer-style table; CoolProp R134a properties,292803.1823394906,1491514.08669978,5.093913511399081,14.066044937450924,0.07109318962414903,403070.49114033784,1743.2918587839777,437906.31511389004,0.700309066887907,0.7186836390716561,76.94007715273847,0.6,0.6946536468635209,0.7151863262668011,0.3363993715798365,16.385589129394337,77.14792603522676,-0.8075605888580168,-0.3225023938723497,1.6779848288861388
35,Fitting,0,55,45,2700.0,2.9280318233949063,14.9151408669978,0.5117177263035706,24.79729310369041,76.92140142429412,Representative manufacturer-style table; CoolProp R134a properties,292803.1823394906,1491514.08669978,5.093913511399081,14.066044937450924,0.07109318962414903,403070.49114033784,1743.2918587839777,437906.31511389004,0.7044535251301696,0.7188731674508704,76.92887447952802,0.9,0.7045703784501534,0.7184851165443471,0.5118026090006969,24.814801567643293,76.95181816846878,0.016587796897209357,0.07060635158712937,0.03041674417465856
36,Fitting,0,55,60,3600.0,2.9280318233949063,14.9151408669978,0.6852166581386762,33.29928596454479,77.44056185558077,Representative manufacturer-style table; CoolProp R134a properties,292803.1823394906,1491514.08669978,5.093913511399081,14.066044937450924,0.07109318962414903,403070.49114033784,1743.2918587839777,437906.31511389004,0.7074749400277955,0.7168347967605116,77.04968807609396,1.2,0.7084572808614603,0.720045475245904,0.6861680929741919,33.19683509566353,76.85972038102534,0.13885167913171,-0.30766686405930727,-0.5808414745554273
37,Fitting,5,35,30,1800.0,3.496586078613138,8.869809836083611,0.4712045209165804,12.3053013769997,48.35762626737366,Representative manufacturer-style table; CoolProp R134a properties,349658.6078613138,886980.9836083611,2.536705699978555,16.690295487629587,0.05991505667117601,406070.70396711427,1740.7760199568954,425925.35621036304,0.820031561296125,0.7602903506071171,49.05303639032206,0.6,0.8219796475741362,0.7685661662821945,0.4723239254671608,12.201717558919148,48.78346875379373,0.23756235368942455,-0.8417820491106821,0.4258424864200663
38,Fitting,5,35,45,2700.0,3.496586078613138,8.869809836083611,0.7183701568847761,18.451229353249524,48.615922984148455,Representative manufacturer-style table; CoolProp R134a properties,349658.6078613138,886980.9836083611,2.536705699978555,16.690295487629587,0.05991505667117601,406070.70396711427,1740.7760199568954,425925.35621036304,0.8334472968593809,0.7730102625581083,48.64115856727494,0.9,0.833383563136315,0.7741741242837432,0.7183152231117468,18.422081684931438,48.60416646387512,-0.007647000992853489,-0.15797141621326188,-0.0117565202733374
39,Fitting,5,35,60,3600.0,3.496586078613138,8.869809836083611,0.9685164438521284,24.50735886765213,48.8534184058416,Representative manufacturer-style table; CoolProp R134a properties,349658.6078613138,886980.9836083611,2.536705699978555,16.690295487629587,0.05991505667117601,406070.70396711427,1740.7760199568954,425925.35621036304,0.8427487601860628,0.7846442078233714,48.27645631809082,1.2,0.8387576495231684,0.7780436507093027,0.9639297194463953,24.598220612806163,48.48199537092296,-0.4735825018613158,0.3707529058709124,-0.37142303491864226
40,Fitting,5,45,30,1800.0,3.496586078613138,11.59924238342344,0.4504486963233639,15.39766004146757,62.7349857230718,Representative manufacturer-style table; CoolProp R134a properties,349658.6078613138,1159924.238342344,3.3173049719468324,16.690295487629587,0.05991505667117601,406070.70396711427,1740.7760199568954,431691.5255039379,0.7839104493550597,0.74952074723789,61.53721949767828,0.6,0.7847766839752728,0.7574096410796,0.45094644993247335,15.254121270381146,61.21204054581608,0.11050173153396188,-0.932211587344174,-1.5229451772557212
41,Fitting,5,45,45,2700.0,3.496586078613138,11.59924238342344,0.6865828099664486,23.141737894084656,61.50613216718101,Representative manufacturer-style table; CoolProp R134a properties,349658.6078613138,1159924.238342344,3.3173049719468324,16.690295487629587,0.05991505667117601,406070.70396711427,1740.7760199568954,431691.5255039379,0.7965678718032243,0.7601337343336574,61.10138800333897,0.9,0.7957266298900065,0.7623127151698142,0.6858577214246132,23.051220228378448,61.01347150941535,-0.10560831575011728,-0.3911446327863998,-0.49266065776565426
42,Fitting,5,45,60,3600.0,3.496586078613138,11.59924238342344,0.9271805806263156,31.260809027928293,60.44325505457376,Representative manufacturer-style table; CoolProp R134a properties,349658.6078613138,1159924.238342344,3.3173049719468324,16.690295487629587,0.05991505667117601,406070.70396711427,1740.7760199568954,431691.5255039379,0.8067806073416769,0.7599012606299668,61.11079878739372,1.2,0.8006467466294148,0.7654773576840394,0.9201313326834141,30.797149554425022,60.88671554452225,-0.760288566240215,-1.4831972937393862,0.4434604899484853
43,Fitting,5,55,30,1800.0,3.496586078613138,14.9151408669978,0.4264132740018725,17.70910681002354,75.21365561367202,Representative manufacturer-style table; CoolProp R134a properties,349658.6078613138,1491514.08669978,4.265629540261065,16.690295487629587,0.05991505667117601,406070.70396711427,1740.7760199568954,437055.8765351253,0.742081892926176,0.7460844311334883,73.50300807354802,0.6,0.7376128853453882,0.7377815942999559,0.4238453038462491,17.800552335923037,73.90863560589094,-0.6022256604545,0.5163757092917824,-1.3050200077810814
44,Fitting,5,55,45,2700.0,3.496586078613138,14.9151408669978,0.6482703606768413,26.90612262023541,73.73050858338827,Representative manufacturer-style table; CoolProp R134a properties,349658.6078613138,1491514.08669978,4.265629540261065,16.690295487629587,0.05991505667117601,406070.70396711427,1740.7760199568954,437055.8765351253,0.7521180752875166,0.7465501172284087,73.48054115083255,0.9,0.7480113183579183,0.7418283279413219,0.6447306388120995,26.929532549553798,73.70973153265254,-0.5460255596208506,0.0870059564092698,-0.020777050735730995
45,Fitting,5,55,60,3600.0,3.496586078613138,14.9151408669978,0.8669600419600908,35.4487185256742,71.90466504973216,Representative manufacturer-style table; CoolProp R134a properties,349658.6078613138,1491514.08669978,4.265629540261065,16.690295487629587,0.05991505667117601,406070.70396711427,1740.7760199568954,437055.8765351253,0.7543800677113489,0.7577962653360146,72.94687929314341,1.2,0.7523799221951232,0.7441366300066988,0.8646614045558256,36.003714577012396,73.59730312858699,-0.2651376410691582,1.5656307884197,1.6926380788548272
46,Fitting,10,35,30,1800.0,4.146074673626597,8.869809836083611,0.57175949547951,11.892715964219514,47.89385621910056,Representative manufacturer-style table; CoolProp R134a properties,414607.4673626597,886980.9836083611,2.1393270826753183,19.690811643556312,0.05078510820691555,409014.75560916093,1738.553859019725,425223.3420093724,0.8434025558590789,0.7792511996841561,46.786059114390696,0.6,0.8403568901507253,0.7725113663776895,0.5696947776567928,11.953153606913823,46.95917697434027,-0.36111649024484177,0.5081904156808398,-0.9346792447602965
47,Fitting,10,35,45,2700.0,4.146074673626597,8.869809836083611,0.8646410220575278,17.84902430359817,46.891497957095616,Representative manufacturer-style table; CoolProp R134a properties,414607.4673626597,886980.9836083611,2.1393270826753183,19.690811643556312,0.05078510820691555,409014.75560916093,1738.553859019725,425223.3420093724,0.850288106181595,0.7851750590289365,46.63641722078978,0.9,0.8519919074283138,0.7784781586801452,0.8663735835747779,18.038644922345718,46.80575916154106,0.20037928724769938,1.0623584545701001,-0.08573879555455477
48,Fitting,10,35,60,3600.0,4.146074673626597,8.869809836083611,1.1722185854454938,23.82624297899459,46.645785209561616,Representative manufacturer-style table; CoolProp R134a properties,414607.4673626597,886980.9836083611,2.1393270826753183,19.690811643556312,0.05078510820691555,409014.75560916093,1738.553859019725,425223.3420093724,0.8645699448866202,0.7974402946732958,46.33383491346905,1.2,0.8575970955305767,0.7827065194066121,1.1627645167989855,24.07897298201209,46.69849228818873,-0.806510727938627,1.060721168840213,0.05270707862711532
49,Fitting,10,45,30,1800.0,4.146074673626597,11.59924238342344,0.5480035027131963,15.88185413793772,60.22949459587036,Representative manufacturer-style table; CoolProp R134a properties,414607.4673626597,1159924.238342344,2.7976443495354397,19.690811643556312,0.05078510820691555,409014.75560916093,1738.553859019725,430965.6801115163,0.808360085774213,0.7574168236660112,59.48039822317895,0.6,0.8097061338019433,0.7653391356935396,0.5489160156477135,15.743627178685777,59.20803116556806,0.1665158945151472,-0.870345225761481,-1.0214634303022976
50,Fitting,10,45,45,2700.0,4.146074673626597,11.59924238342344,0.8331772447959113,23.94291320261142,58.7589975793386,Representative manufacturer-style table; CoolProp R134a properties,414607.4673626597,1159924.238342344,2.7976443495354397,19.690811643556312,0.05078510820691555,409014.75560916093,1738.553859019725,430965.6801115163,0.8193466230705618,0.7638590443372101,59.25846952714727,0.9,0.8209582964340362,0.7707114651690019,0.834816123305544,23.77671349680869,59.02664835403448,0.19670226471849725,-0.6941498906014715,0.2676507746958805
51,Fitting,10,45,60,3600.0,4.146074673626597,11.59924238342344,1.1165933796470695,31.947005301758967,58.129743764644886,Representative manufacturer-style table; CoolProp R134a properties,414607.4673626597,1159924.238342344,2.7976443495354397,19.690811643556312,0.05078510820691555,409014.75560916093,1738.553859019725,430965.6801115163,0.8235435683143928,0.7672161050761516,59.14435946768981,1.2,0.8261806298908035,0.774345363068475,1.12016881343252,31.754230381277434,58.90544506137343,0.32020911556726855,-0.603420942465987,0.7757012967285419
52,Fitting,10,55,30,1800.0,4.146074673626597,14.9151408669978,0.522102734969586,18.81845632026631,72.68272673337272,Representative manufacturer-style table; CoolProp R134a properties,414607.4673626597,1491514.08669978,3.5974125024505255,19.690811643556312,0.05078510820691555,409014.75560916093,1738.553859019725,436306.18970407837,0.7701538576549003,0.7571785984833084,71.30650916555044,0.6,0.7710704334390703,0.752305526673331,0.5227241000630224,18.962894490192408,71.50743106793198,0.1190120357198571,0.7675346344457931,-1.1752956654407427
53,Fitting,10,55,45,2700.0,4.146074673626597,14.9151408669978,0.7975619366764513,28.60458884867539,70.56686163386769,Representative manufacturer-style table; CoolProp R134a properties,414607.4673626597,1491514.08669978,3.5974125024505255,19.690811643556312,0.05078510820691555,409014.75560916093,1738.553859019725,436306.18970407837,0.7843225239133109,0.7609481522901891,71.15295985330954,0.9,0.7818574784628656,0.7569556626699727,0.795055281106185,28.665085521112964,71.31564111042064,-0.31428976923245316,0.21149289282783834,0.7487794765529543
54,Fitting,10,55,60,3600.0,4.146074673626597,14.9151408669978,1.0761276164123883,38.32691476258325,70.94373960694098,Representative manufacturer-style table; CoolProp R134a properties,414607.4673626597,1491514.08669978,3.5974125024505255,19.690811643556312,0.05078510820691555,409014.75560916093,1738.553859019725,436306.18970407837,0.7936980402499257,0.7662778520777497,70.93859599285702,1.2,0.7866146943113356,0.7598673670906254,1.0665237320702785,38.30531932948498,71.19681924780173,-0.8924484601675197,-0.05634534695016026,0.2530796408607472
55,Validation,-15,35,75,4500.0,1.6394008425447306,8.869809836083611,0.4846914903550769,24.716637325806595,61.32650826613112,Representative manufacturer-style table; CoolProp R134a properties,163940.08425447307,886980.9836083611,5.410397265817924,8.089486540753938,0.12361724010072958,393795.1418961818,1753.083194025644,429840.2191065969,0.6961287561958606,0.7068413863417715,61.25829488070218,1.5,0.6889129651269998,0.7090342325683004,0.47966737305475243,24.384785251408918,61.10453383832407,-1.0365598324501009,-1.342626304797501,-0.2219744278070479
56,Validation,-15,45,75,4500.0,1.6394008425447306,11.59924238342344,0.4161298160209797,27.24874714457575,78.20791821925731,Representative manufacturer-style table; CoolProp R134a properties,163940.08425447307,1159924.238342344,7.075293657540595,8.089486540753938,0.12361724010072958,393795.1418961818,1753.083194025644,435737.7071681734,0.5976583806546351,0.6405267690832596,79.206703199412,1.5,0.5934132926578495,0.6398237671426401,0.4131741012777842,27.084929634501265,79.27425267104422,-0.7102867012649935,-0.6011928152340541,1.0663344517869149
57,Validation,-15,55,75,4500.0,1.6394008425447306,14.9151408669978,0.3276618361055605,29.314112729923515,104.21748292577344,Representative manufacturer-style table; CoolProp R134a properties,163940.08425447307,1491514.08669978,9.097921923625487,8.089486540753938,0.12361724010072958,393795.1418961818,1753.083194025644,441233.2472715347,0.47059795965041035,0.5302448295762471,105.41076369159339,1.5,0.46844532593111077,0.5281098805809198,0.32616302825383836,29.29798640924879,105.73949251410909,-0.4574252129989493,-0.055012139795260394,1.5220095883356493
58,Validation,-10,35,75,4500.0,2.0060330747267745,8.869809836083611,0.6248397826105544,27.32012534443944,56.29456927548653,Representative manufacturer-style table; CoolProp R134a properties,200603.30747267744,886980.9836083611,4.421567095692924,9.798481054405574,0.10205663453830754,396926.8325699744,1749.394728650478,428662.1286380874,0.7408922492366683,0.7258193454927642,57.22914711248342,1.5,0.7424846667286858,0.7404185756058448,0.6261827657508998,26.839001773550034,56.392028315396715,0.21493239990810037,-1.7610591636151847,0.09745903991018423
59,Validation,-10,45,75,4500.0,2.0060330747267745,11.59924238342344,0.5627798060261804,30.50811225045804,70.6982283350614,Representative manufacturer-style table; CoolProp R134a properties,200603.30747267744,1159924.238342344,5.782179032618034,9.798481054405574,0.10205663453830754,396926.8325699744,1749.394728650478,434520.3757731444,0.6673057764818922,0.6934839749515869,71.59031194611754,1.5,0.6681640924806729,0.6953602181808551,0.5635036764441013,30.464929185863653,71.4540332102589,0.12862409243717704,-0.14154617053940874,0.755804875197498
60,Validation,-10,55,75,4500.0,2.0060330747267745,14.9151408669978,0.4887098990737278,33.636504841216606,90.88775098128114,Representative manufacturer-style table; CoolProp R134a properties,200603.30747267744,1491514.08669978,7.435142049703877,9.798481054405574,0.10205663453830754,396926.8325699744,1749.394728650478,439976.74618159374,0.5794787502745081,0.6254787480323185,89.57233731838278,1.5,0.5718979666756384,0.6221653788640983,0.48231656025716485,33.37325887601312,89.90171405219564,-1.3082073493253392,-0.7826198543700024,-0.9860369290855004
61,Validation,-5,35,75,4500.0,2.4334236987140008,8.869809836083611,0.7979464908772803,28.85227959146737,52.964479103521306,Representative manufacturer-style table; CoolProp R134a properties,243342.36987140006,886980.9836083611,3.64499196780695,11.780219725274732,0.08488806009742561,400020.52700719563,1746.1483421951,427628.65120237,0.7869832957459274,0.7635377908842431,52.89696553439808,1.5,0.7829122000078623,0.7599869920407921,0.7938186820968722,28.837131415801608,53.06015745277932,-0.5173039580473467,-0.05250252624836214,0.09567834925801577
62,Validation,-5,45,75,4500.0,2.4334236987140008,11.59924238342344,0.7390587915361185,33.44630145469847,67.82101168426297,Representative manufacturer-style table; CoolProp R134a properties,243342.36987140006,1159924.238342344,4.766634922456508,11.780219725274732,0.08488806009742561,400020.52700719563,1746.1483421951,433452.2800534072,0.7289046698778551,0.7387373171509858,66.15202003953664,1.5,0.7240565002577706,0.7302895103225685,0.7341430837232131,33.60816488351002,66.63573104609816,-0.6651308216885159,0.4839501582283678,-1.1852806381648122
63,Validation,-5,55,75,4500.0,2.4334236987140008,14.9151408669978,0.6556432743913901,37.606663468696304,81.57350678311924,Representative manufacturer-style table; CoolProp R134a properties,243342.36987140006,1491514.08669978,6.129282325507084,11.780219725274732,0.08488806009742561,400020.52700719563,1746.1483421951,438874.0722237077,0.646635220297676,0.6773816993542234,82.09015868122265,1.5,0.6484931302844703,0.6816694167367044,0.6575270662867737,37.47748831589629,81.77005000950419,0.287319639956991,-0.3434900650187734,0.19654322638494648
64,Validation,0,35,75,4500.0,2.9280318233949063,8.869809836083611,0.9879506175178412,30.52068330239801,49.63788662731992,Representative manufacturer-style table; CoolProp R134a properties,292803.1823394906,886980.9836083611,3.0292737139036663,14.066044937450924,0.07109318962414903,403070.49114033784,1743.2918587839777,426721.92574332596,0.8160342228427291,0.7655939151063849,50.76118101836312,1.5,0.8139372028378405,0.7723260860110809,0.9854118119741718,30.176894772896187,50.502119846855635,-0.2569769681452238,-1.1264116405769018,0.8642332195357127
65,Validation,0,45,75,4500.0,2.9280318233949063,11.59924238342344,0.9208988544003336,35.918852279832585,65.99559493820261,Representative manufacturer-style table; CoolProp R134a properties,292803.1823394906,1159924.238342344,3.961446829486539,14.066044937450924,0.07109318962414903,403070.49114033784,1743.2918587839777,432515.0301087057,0.7606503479449113,0.7549083693729403,63.2047214123121,1.5,0.7666126507229288,0.7525522983063437,0.92811725351459,36.313734872417335,63.31679208622495,0.7838427727176195,1.0993741935525747,-2.6788028519776645
66,Validation,0,55,75,4500.0,2.9280318233949063,14.9151408669978,0.861051460615683,41.51763144956686,75.35948390324144,Representative manufacturer-style table; CoolProp R134a properties,292803.1823394906,1491514.08669978,5.093913511399081,14.066044937450924,0.07109318962414903,403070.49114033784,1743.2918587839777,437906.31511389004,0.7112171874101053,0.7224746708061759,76.71717971872408,1.5,0.7063143540974419,0.719867402371472,0.855115732599327,41.38076128980418,76.87020947552139,-0.6893581031860442,-0.32966755323927466,1.5107255722799522
67,Validation,5,35,75,4500.0,3.496586078613138,8.869809836083611,1.2065164516702271,31.15575588225512,48.80116525866149,Representative manufacturer-style table; CoolProp R134a properties,349658.6078613138,886980.9836083611,2.536705699978555,16.690295487629587,0.05991505667117601,406070.70396711427,1740.7760199568954,425925.35621036304,0.8398744287665714,0.7688776566423946,48.77343901951406,1.5,0.8381019067346965,0.7801747455588733,1.2039701460331504,30.63981331979397,48.415242999518114,-0.2110460767900634,-1.6560104155746362,-0.38592225914337774
68,Validation,5,45,75,4500.0,3.496586078613138,11.59924238342344,1.1356029006649857,39.13745749209563,60.83812358033233,Representative manufacturer-style table; CoolProp R134a properties,349658.6078613138,1159924.238342344,3.3173049719468324,16.690295487629587,0.05991505667117601,406070.70396711427,1740.7760199568954,431691.5255039379,0.7905104287482647,0.743407495505119,61.79415553393551,1.5,0.7995370341934978,0.7669035686222755,1.14857001527092,38.371587495242096,60.829947053890066,1.1418705075815652,-1.9568721269341782,-0.008176526442262855
69,Validation,5,55,75,4500.0,3.496586078613138,14.9151408669978,1.0836482858946126,44.83326706809028,73.04731773493438,Representative manufacturer-style table; CoolProp R134a properties,349658.6078613138,1491514.08669978,4.265629540261065,16.690295487629587,0.05991505667117601,406070.70396711427,1740.7760199568954,437055.8765351253,0.7543440322257404,0.7489311249719768,73.36613380219637,1.5,0.7507186968570028,0.7447065004960868,1.0784403326394723,44.870911948368125,73.56966088567276,-0.48059442560192694,0.08396639981795785,0.5223431507383793
70,Validation,10,35,75,4500.0,4.146074673626597,8.869809836083611,1.4541561858483505,30.046563960109605,46.809729541809325,Representative manufacturer-style table; CoolProp R134a properties,414607.4673626597,886980.9836083611,2.1393270826753183,19.690811643556312,0.05078510820691555,409014.75560916093,1738.553859019725,425223.3420093724,0.8580104421242551,0.7844429802028856,46.65478461413079,1.5,0.8571724544575144,0.7851964485570898,1.452735964264288,29.988414283766648,46.63588109942481,-0.09766637159638088,-0.19353186747129425,-0.1738484423845179
71,Validation,10,45,75,4500.0,4.146074673626597,11.59924238342344,1.386800101160237,39.832128870820775,59.054129186152494,Representative manufacturer-style table; CoolProp R134a properties,414607.4673626597,1159924.238342344,2.7976443495354397,19.690811643556312,0.05078510820691555,409014.75560916093,1738.553859019725,430965.6801115163,0.8182676520681161,0.7642459788968824,59.24526398137243,1.5,0.8253731341722457,0.7762408293919593,1.3988424729635147,39.55716364309591,58.84269361476663,0.8683567150883974,-0.6903101479125059,-0.21143557138586289
72,Validation,10,55,75,4500.0,4.146074673626597,14.9151408669978,1.3045219033040265,48.1263372825585,73.18752246574803,Representative manufacturer-style table; CoolProp R134a properties,414607.4673626597,1491514.08669978,3.5974125024505255,19.690811643556312,0.05078510820691555,409014.75560916093,1738.553859019725,436306.18970407837,0.7697202170629767,0.7397669459109396,72.03733230169132,1.5,0.7853420809844801,0.7610406399352891,1.3309978398901752,47.73048628642075,71.14921275193444,2.029550942693393,-0.8225246683819706,-2.0383097138135895
73,Validation,-12,40,38,2280.0,1.8524415582145843,10.1659302212064,0.2701226078343399,13.899672847459057,64.93419711139029,Representative manufacturer-style table; CoolProp R134a properties,185244.15582145844,1016593.02212064,5.487854759102091,9.083818097132273,0.11008586800254137,395678.4023389908,1750.8140310330534,432102.9033471616,0.6818915486115585,0.7078642288469599,65.60344650290506,0.76,0.6795611852059233,0.7044419168287342,0.2691994642030489,13.919467199517765,65.8416412143439,-0.34174985895927756,0.1424087622488685,0.9074441029536047
74,Validation,-12,50,68,4080.0,1.8524415582145843,13.179054900117077,0.420679186132012,27.971541230083417,83.56136971785136,Representative manufacturer-style table; CoolProp R134a properties,185244.15582145844,1317905.4900117076,7.114424118631456,9.083818097132273,0.11008586800254137,395678.4023389908,1750.8140310330534,437773.23861442175,0.5934444640877443,0.6330870837271975,84.0411984171646,1.36,0.5933875127006727,0.6391009473749137,0.4206388145983434,27.705673265449516,83.46671549105474,-0.009596750920765533,-0.9504945131445259,-0.09465422679662083
75,Validation,-7,40,68,4080.0,2.2547692198149427,10.1659302212064,0.6300580886218357,28.01355669462196,61.73106727049232,Representative manufacturer-style table; CoolProp R134a properties,225476.92198149426,1016593.02212064,4.508634467717613,10.952851442865834,0.09130042575820312,398787.9703238876,1747.397258678498,430995.577039719,0.7371415320441298,0.7243872439216652,61.91000668859908,1.36,0.7394533985683828,0.7379988381735544,0.6320341137677536,27.58311411112773,61.1328626803471,0.3136258674561693,-1.5365509927444034,-0.5982045901452153
76,Validation,-7,50,38,2280.0,2.2547692198149427,13.179054900117077,0.3128855236630788,17.15898409697156,77.31302083078123,Representative manufacturer-style table; CoolProp R134a properties,225476.92198149426,1317905.4900117076,5.844968427056465,10.952851442865834,0.09130042575820312,398787.9703238876,1747.397258678498,436629.57502785965,0.6550599921454948,0.6900228030483002,76.23422579912159,0.76,0.6600831285093911,0.691917276141367,0.3152847949824905,17.243221107927152,76.09776750531262,0.7668208139905129,0.49092073563059796,-1.215253325468609
77,Validation,-2,40,38,2280.0,2.721697749473681,10.1659302212064,0.43905162579838,16.645593106457405,55.892979730089856,Representative manufacturer-style table; CoolProp R134a properties,272169.77494736813,1016593.02212064,3.7351429721291702,13.11309922756827,0.07625962273645075,401856.13093553006,1744.3908743643753,430024.1360821549,0.7677733705858135,0.7429719311308342,58.61785406319257,0.76,0.7707226956630153,0.7522126753048305,0.44073819897187433,16.504263042261158,58.178836978230436,0.38414005879774554,-0.8490539405376889,2.28585724814058
78,Validation,-2,50,68,4080.0,2.721697749473681,13.179054900117077,0.7409322158217491,34.751626590604104,73.07753353160912,Representative manufacturer-style table; CoolProp R134a properties,272169.77494736813,1317905.4900117076,4.8422183920553366,13.11309922756827,0.07625962273645075,401856.13093553006,1744.3908743643753,435626.0815079147,0.7240534339528473,0.7200021052411101,71.82627000805019,1.36,0.72166396045914,0.7281464274151059,0.7384870400828891,34.24952715963628,71.35393394489063,-0.33001341912877374,-1.4448228190377093,-1.7235995867184926
79,Validation,3,40,68,4080.0,3.259849314684606,10.1659302212064,0.981938989567006,31.54737462984784,54.85434338717212,Representative manufacturer-style table; CoolProp R134a properties,325984.9314684606,1016593.02212064,3.118527649548723,15.597647634387075,0.06411223175700981,404876.9892005457,1741.7445280772456,429171.2539405277,0.8067201162226558,0.756179747156548,56.018136450334964,1.36,0.8107105210755359,0.7701785163017584,0.9867961067138391,31.127180716498483,55.47080711471574,0.4946455124442007,-1.331945742806126,0.6164637275436178
80,Validation,3,50,38,2280.0,3.259849314684606,13.179054900117077,0.5150756153475885,20.80446925001325,68.35413943325187,Representative manufacturer-style table; CoolProp R134a properties,325984.9314684606,1317905.4900117076,4.042841747546286,15.597647634387075,0.06411223175700981,404876.9892005457,1741.7445280772456,434744.92213336565,0.7572419896547463,0.7394682243346793,68.69391474548786,0.76,0.7552522165722082,0.7454735084865695,0.513722172711163,20.582648780893592,68.40326482886144,-0.26276581459056386,-1.0662154677150193,0.04912539560956475
81,Validation,8,40,38,2280.0,3.8761092990801935,10.1659302212064,0.6643121475971484,17.606846358804447,52.81994388374603,Representative manufacturer-style table; CoolProp R134a properties,387610.9299080194,1016593.02212064,2.622715056982214,18.442867785038302,0.054221502407084746,407844.3041835471,1739.410411280959,428420.7159379611,0.8259743180139306,0.7763548340150431,53.53427732728534,0.76,0.8247579513107492,0.7707240556620996,0.6633338518327001,17.7093609128701,53.71479080506799,-0.14726447017216937,0.5822425661957906,0.8948469213219639
82,Validation,8,50,68,4080.0,3.8761092990801935,13.179054900117077,1.134553177079347,39.21613722580585,67.1789602849538,Representative manufacturer-style table; CoolProp R134a properties,387610.9299080194,1317905.4900117076,3.4000730844314644,18.442867785038302,0.054221502407084746,407844.3041835471,1739.410411280959,433969.39306363056,0.7883042903624381,0.7558190246966614,66.149173744829,1.36,0.7966529151865935,0.7648173138387674,1.1465687894948702,39.16518492806754,65.78881948893206,1.0590611932756269,-0.12992686517014748,-1.3901407960217398
83,Validation,-12,40,68,4080.0,1.8524415582145843,10.1659302212064,0.4902311325813516,25.219042454106,65.36438917144254,Representative manufacturer-style table; CoolProp R134a properties,185244.15582145844,1016593.02212064,5.487854759102091,9.083818097132273,0.11008586800254137,395678.4023389908,1750.8140310330534,432102.9033471616,0.6915601278703954,0.7080532266616204,65.59036102570985,1.36,0.686474796097536,0.7067352781055168,0.4866262573809294,25.080279917663372,65.68176033495024,-0.7353419562401974,-0.5502292035676979,0.3173711635077012
84,Validation,8,50,38,2280.0,3.8761092990801935,13.179054900117077,0.6412458255017353,21.879255500320237,67.81812312506848,Representative manufacturer-style table; CoolProp R134a properties,387610.9299080194,1317905.4900117076,3.4000730844314644,18.442867785038302,0.054221502407084746,407844.3041835471,1739.410411280959,433969.39306363056,0.797294743613912,0.7656843801184243,65.754566520271,0.76,0.7873109404857174,0.7587534040470125,0.6332160822607762,21.802638829856274,66.03067306284771,-1.2522098268127182,-0.3501795134795223,-1.7874500622207705
